STATIONGROUP,FACTOR,OldFactor,NewFactor,DIFF
CO0,FAC_APR,0.5531101015400584,0.4836762492404292,-0.06943385229962917
CO1,FAC_APR,0.583450074999285,0.5186135655578735,-0.0648365094414115
CO2,FAC_APR,0.6718152149527876,0.9324382007100116,0.260622985757224
CO3,FAC_APR,0.6717606339314918,0.634564936279774,-0.03719569765171782
CO4,FAC_APR,1.0677080582283769,1.0783307500418855,0.010622691813508611
CO5,FAC_APR,1.006596105415035,1.0374392910435597,0.030843185628524727
CO6,FAC_APR,1.0189835786225854,0.9912336381742952,-0.027749940448290156
CO7,FAC_APR,0.9690366961925532,0.9099976277087418,-0.05903906848381135
CO8,FAC_APR,1.0130202126960517,0.9818574162728742,-0.03116279642317754
CO9,FAC_APR,0.9972792387070282,0.9778620631413651,-0.019417175565663025
COA,FAC_APR,0.9583419195002478,0.9604102542305843,0.0020683347303365185
COB,FAC_APR,0.9905459267090412,0.9777063987911268,-0.012839527917914428
COC,FAC_APR,0.9797418386315394,0.952609689084048,-0.027132149547491435
COD,FAC_APR,0.8790249090690947,0.8610714415063613,-0.017953467562733416
COE,FAC_APR,0.9729383367752176,0.9617670367044754,-0.011171300070742185
COJ,FAC_APR,1.2834746137021726,1.2591408101077095,-0.024333803594463133
COK,FAC_APR,0.8108622260428947,0.8736387489541381,0.06277652291124336
COM,FAC_APR,0.3134269014643246,0.218052387375617,-0.09537451408870762
CON,FAC_APR,0.9856344051011804,0.934841652189446,-0.05079275291173435
COO,FAC_APR,1.039255688339647,1.0842000852395122,0.04494439689986507
COP,FAC_APR,1.0366415136186071,0.9961942289081244,-0.040447284710482756
COQ,FAC_APR,0.9757872306276394,1.0098443522474,0.03405712161976071
COR,FAC_APR,0.9554075727248696,0.9159918664672568,-0.039415706257612815
COS,FAC_APR,1.0118908700264473,1.027683674787905,0.015792804761457724
COT,FAC_APR,1.0145887321507163,0.9959814569729324,-0.018607275177783933
COU,FAC_APR,1.0142297030706218,1.024106444137194,0.009876741066572325
COV,FAC_APR,1.0365961271609994,1.064405493856906,0.027809366695906723
COW,FAC_APR,1.070998960667917,1.1083576197667058,0.03735865909878866
COX,FAC_APR,1.0423884809905215,1.089440603748362,0.04705212275784043
COY,FAC_APR,0.8916020748360921,0.8826694965334365,-0.008932578302655592
CO0,FAC_AUG,1.7691281517831063,1.7949135140756984,0.025785362292592096
CO1,FAC_AUG,2.1090719060034773,1.9465421159859213,-0.16252979001755596
CO2,FAC_AUG,1.2306265876318874,0.9898742559688356,-0.24075233166305177
CO3,FAC_AUG,1.6290328700101508,1.4594894634775926,-0.16954340653255828
CO4,FAC_AUG,1.0752633551520756,1.005852297720372,-0.0694110574317035
CO5,FAC_AUG,1.1015458757490808,1.030501272076523,-0.07104460367255783
CO6,FAC_AUG,1.0390754561046625,1.0328511248991954,-0.00622433120546706
CO7,FAC_AUG,1.2271013509658215,1.1724752413228718,-0.05462610964294967
CO8,FAC_AUG,1.0058643473402584,1.0495114104650038,0.04364706312474542
CO9,FAC_AUG,1.2040117647861788,1.1222331145236093,-0.08177865026256947
COA,FAC_AUG,1.1809428888190956,1.196156965809393,0.01521407699029731
COB,FAC_AUG,1.0778772174771352,1.0699449403658816,-0.00793227711125355
COC,FAC_AUG,1.0567277706587563,1.0387311397476175,-0.01799663091113879
COD,FAC_AUG,1.1541147941658891,1.1866424524862618,0.03252765832037263
COE,FAC_AUG,1.198170754762276,1.1560232354588795,-0.04214751930339644
COJ,FAC_AUG,1.0907499167023211,0.9714011037044462,-0.11934881299787492
COK,FAC_AUG,1.0729662925878418,1.0532851748695533,-0.01968111771828851
COM,FAC_AUG,2.173472680623871,2.1496519850321785,-0.02382069559169242
CON,FAC_AUG,1.271878581385366,1.1628265491164962,-0.10905203226886973
COO,FAC_AUG,1.153737754268012,1.0808110498373074,-0.0729267044307047
COP,FAC_AUG,1.0897355889988405,1.057523604700089,-0.032211984298751384
COQ,FAC_AUG,1.143741649986394,1.0954942572624589,-0.04824739272393508
COR,FAC_AUG,1.145751417290657,1.1407536306087755,-0.004997786681881555
COS,FAC_AUG,1.072395186995016,1.0513171996743311,-0.021077987320684777
COT,FAC_AUG,1.039588185033299,1.0509663459180834,0.011378160884784272
COU,FAC_AUG,1.0223023067910366,1.0397929068923453,0.01749060010130865
COV,FAC_AUG,0.9683978591498278,0.9762570348707146,0.00785917572088679
COW,FAC_AUG,1.03298111996258,0.9749227425565428,-0.058058377406037254
COX,FAC_AUG,0.9425702704393802,0.9779951149189278,0.035424844479547524
COY,FAC_AUG,1.3178280745431616,1.2987174546056306,-0.019110619937531048
CO0,FAC_DEC,0.3392588674036976,0.3647926349907944,0.0255337675870968
CO1,FAC_DEC,0.4763747871284102,0.506592853738273,0.030218066609862815
CO2,FAC_DEC,1.0902834002390993,1.1237038469409772,0.03342044670187794
CO3,FAC_DEC,0.509268312044749,0.6157781219119614,0.10650980986721237
CO4,FAC_DEC,0.890782874408999,0.9073412749784128,0.016558400569413823
CO5,FAC_DEC,0.9346777807865456,0.9614805545892982,0.026802773802752533
CO6,FAC_DEC,0.9891757527541012,1.0086361539238111,0.01946040116970993
CO7,FAC_DEC,0.8605103995970143,0.8743167020284556,0.01380630243144132
CO8,FAC_DEC,0.9903488179002586,1.0185512427462269,0.028202424845968244
CO9,FAC_DEC,0.7665086634743213,0.8368028293101558,0.07029416583583448
COA,FAC_DEC,0.8158857786740691,0.8581184835186374,0.042232704844568314
COB,FAC_DEC,0.9604669957719044,0.9814284895480564,0.020961493776151974
COC,FAC_DEC,0.9750444947407672,0.9856752916896954,0.010630796948928212
COD,FAC_DEC,0.9454622627629468,0.9656879664107614,0.02022570364781462
COE,FAC_DEC,0.8776624223904689,0.8692868429803656,-0.008375579410103251
COJ,FAC_DEC,0.5309972101431941,0.6573902586487113,0.12639304850551714
COK,FAC_DEC,1.0704427858485035,1.0607015992280278,-0.00974118662047574
COM,FAC_DEC,0.4290072817433605,0.562546345666283,0.13353906392292253
CON,FAC_DEC,0.6214992824096253,0.6750170100605987,0.0535177276509734
COO,FAC_DEC,0.7977307915955704,0.781594285923607,-0.01613650567196334
COP,FAC_DEC,0.8822056992044852,0.9318476366597892,0.049641937455303986
COQ,FAC_DEC,0.8848846866901001,0.8447083940850624,-0.040176292605037744
COR,FAC_DEC,0.9238953238904388,0.9345919662088986,0.010696642318459793
COS,FAC_DEC,0.9399378142268536,0.8930237323711787,-0.046914081855674916
COT,FAC_DEC,0.961607919954832,1.019055609754811,0.05744768979997894
COU,FAC_DEC,0.9907495522682384,0.9639309655782972,-0.026818586689941193
COV,FAC_DEC,1.0351247223866955,0.9860958050342103,-0.04902891735248516
COW,FAC_DEC,0.9220858708726304,0.9142577798681156,-0.007828091004514759
COX,FAC_DEC,1.051032270468259,0.9980572441939296,-0.052975026274329484
COY,FAC_DEC,0.8026856847220103,0.8832954922128586,0.08060980749084834
CO0,FAC_FAL,1.1078779487978976,1.227238124066197,0.11936017526829934
CO1,FAC_FAL,0.7660195276866907,0.8270913620711934,0.0610718343845027
CO2,FAC_FAL,0.8386991555650524,0.8458003944583109,0.007101238893258532
CO3,FAC_FAL,1.15991540731341,1.219481694359945,0.059566287046534994
CO4,FAC_FAL,1.0062196473124758,1.0520029298364493,0.045783282523973456
CO5,FAC_FAL,1.0138025674637423,1.0396851828708835,0.025882615407141207
CO6,FAC_FAL,1.013134971273414,1.0248421991051226,0.011707227831708744
CO7,FAC_FAL,0.984139086788481,1.035523992927996,0.05138490613951496
CO8,FAC_FAL,1.0113587127124335,1.0185843546101905,0.007225641897756985
CO9,FAC_FAL,0.994121280831498,1.0387048229436755,0.04458354211217752
COA,FAC_FAL,1.0282094677575204,1.040185189776624,0.011975722019103685
COB,FAC_FAL,1.0250095491256306,1.0515548520098943,0.02654530288426371
COC,FAC_FAL,1.012474373947364,1.032288866248362,0.019814492300997966
COD,FAC_FAL,0.9798893555165372,1.0388732142149573,0.058983858698420044
COE,FAC_FAL,1.0134438782710609,1.0180882696136182,0.004644391342557341
COJ,FAC_FAL,1.0826577503230057,1.103491109816645,0.020833359493639403
COK,FAC_FAL,0.928446255414854,0.9767785952756048,0.048332339860750806
COM,FAC_FAL,1.187267201252711,1.30186418453991,0.11459698328719892
CON,FAC_FAL,1.0295233684624256,1.0739544182506484,0.044431049788222765
COO,FAC_FAL,1.031216301596735,1.066795666701103,0.03557936510436788
COP,FAC_FAL,1.0315747969838431,1.0664343026745418,0.03485950569069862
COQ,FAC_FAL,1.003014009429169,1.0378288980719512,0.03481488864278215
COR,FAC_FAL,1.016221754875105,1.0516033612909546,0.03538160641584964
COS,FAC_FAL,1.0323676111368902,1.0277748544762713,-0.00459275666061898
COT,FAC_FAL,1.024274132842,1.041921497763287,0.017647364921286934
COU,FAC_FAL,1.0094997368319047,1.020257789884653,0.01075805305274824
COV,FAC_FAL,1.012721434796596,1.0323141868272,0.019592752030604066
COW,FAC_FAL,1.020206678413195,1.0300700031553185,0.009863324742123591
COX,FAC_FAL,1.0821695573109829,1.066014780358305,-0.016154776952677752
COY,FAC_FAL,1.0091329273826954,1.1068299323315076,0.09769700494881217
CO0,FAC_FEB,0.3394940097513057,0.3868125680402862,0.04731855828898046
CO1,FAC_FEB,0.4560697759655718,0.5324989044066534,0.07642912844108157
CO2,FAC_FEB,1.1206950445816133,1.2417531058336966,0.1210580612520833
CO3,FAC_FEB,0.419881162166227,0.5061437292259207,0.08626256705969365
CO4,FAC_FEB,0.8353217412785494,0.8543984328825883,0.01907669160403891
CO5,FAC_FEB,0.8710036215137416,0.8897407627988806,0.018737141285139036
CO6,FAC_FEB,0.9381227216784546,0.9441989092754778,0.006076187597023219
CO7,FAC_FEB,0.7755957709827622,0.7451025707942867,-0.030493200188475567
CO8,FAC_FEB,0.978146804148265,0.9717841358168676,-0.006362668331397425
CO9,FAC_FEB,0.6688100075021773,0.756896386444144,0.08808637894196669
COA,FAC_FEB,0.8587334534925244,0.8608821623000117,0.0021487088074872984
COB,FAC_FEB,0.91778884155179,0.9009209967642008,-0.01686784478758918
COC,FAC_FEB,0.9576378834705308,0.9866334670782586,0.028995583607727804
COD,FAC_FEB,0.9399710084642756,0.948308185418391,0.0083371769541154
COE,FAC_FEB,0.7672781768952474,0.769327051513704,0.0020488746184565976
COJ,FAC_FEB,0.537454217110204,0.5994286151255078,0.0619743980153038
COK,FAC_FEB,1.0796479663025271,1.0532141522881169,-0.02643381401441025
COM,FAC_FEB,0.2102109756809521,0.251696692773254,0.04148571709230192
CON,FAC_FEB,0.6010012840138615,0.6495041957489596,0.04850291173509802
COO,FAC_FEB,0.7178785505240498,0.6950739798854243,-0.02280457063862551
COP,FAC_FEB,0.8503750603532433,0.864771015031098,0.014395954677854705
COQ,FAC_FEB,0.8360422671371806,0.8515253518819413,0.015483084744760789
COR,FAC_FEB,0.8835773192305854,0.9011787530179856,0.0176014337874002
COS,FAC_FEB,0.8981778667801474,0.9293265102991884,0.031148643519041008
COT,FAC_FEB,0.94712082091743,0.9287272985884502,-0.01839352232897984
COU,FAC_FEB,0.9704540487656356,0.9768297316672844,0.006375682901648805
COV,FAC_FEB,1.017691325877118,1.032919833716205,0.015228507839087024
COW,FAC_FEB,0.945079273666883,0.9675794629974764,0.02250018933059339
COX,FAC_FEB,0.9889830005406752,0.9758729127980432,-0.013110087742632004
COY,FAC_FEB,0.7486984025493916,0.6460832557895279,-0.10261514675986372
CO0,FAC_FRI,1.0010664825562483,1.0069987532085802,0.005932270652331928
CO1,FAC_FRI,1.2329864988181414,1.2263963107840952,-0.006590188034046207
CO2,FAC_FRI,1.0138763799103645,1.1087065182508802,0.09483013834051568
CO3,FAC_FRI,1.1948829667782124,1.1777165057761525,-0.017166461002059874
CO4,FAC_FRI,1.2285515537234462,1.224705618918884,-0.003845934804562079
CO5,FAC_FRI,1.1792921078282086,1.1716149030134686,-0.007677204814739991
CO6,FAC_FRI,1.143646063524841,1.1292928707876502,-0.014353192737190934
CO7,FAC_FRI,1.2340018762598424,1.2517797702367048,0.01777789397686247
CO8,FAC_FRI,1.1521043062211545,1.1197190741331802,-0.03238523208797428
CO9,FAC_FRI,1.0997618699771428,1.13459714461933,0.034835274642187164
COA,FAC_FRI,1.121896185821532,1.1560681568902476,0.03417197106871561
COB,FAC_FRI,1.144095891248578,1.1432029706098954,-0.000892920638682515
COC,FAC_FRI,1.1342890585224783,1.1163911514170126,-0.017897907105465682
COD,FAC_FRI,1.1363233718328902,1.1200439341779314,-0.016279437654958873
COE,FAC_FRI,1.155350735007553,1.151282267623188,-0.004068467384364949
COJ,FAC_FRI,1.1153347373802696,1.0975445407903963,-0.01779019658987324
COK,FAC_FRI,1.123787396231475,1.1261185502970528,0.002331154065577712
COM,FAC_FRI,1.268187670185232,1.2472498628756796,-0.020937807309552303
CON,FAC_FRI,1.1349974589801497,1.1737643925634935,0.03876693358334382
COO,FAC_FRI,1.1062686770197412,1.107555722842859,0.0012870458231177828
COP,FAC_FRI,1.1504889294427074,1.1431477388940494,-0.007341190548658005
COQ,FAC_FRI,1.178218048418184,1.17653991234823,-0.0016781360699538173
COR,FAC_FRI,1.174994794170062,1.1543774321100453,-0.020617362060016742
COS,FAC_FRI,1.1558305841333394,1.1387201393691744,-0.01711044476416501
COT,FAC_FRI,1.141810622150401,1.1176167911181414,-0.024193831032259583
COU,FAC_FRI,1.144961159267729,1.12691600456054,-0.018045154707188926
COV,FAC_FRI,1.1549315642989324,1.136404047732247,-0.018527516566685387
COW,FAC_FRI,1.153679660892354,1.160355129780735,0.006675468888380998
COX,FAC_FRI,1.125734693917569,1.1478922771354496,0.02215758321788064
COY,FAC_FRI,1.1263375640091615,1.0587779078614323,-0.06755965614772919
CO0,FAC_JAN,0.320611969578387,0.3991910839429836,0.07857911436459658
CO1,FAC_JAN,0.4324017636158536,0.4820715574701422,0.0496697938542886
CO2,FAC_JAN,1.1402537808871442,1.3333059413869637,0.19305216049981944
CO3,FAC_JAN,0.3857536633623297,0.4257259441002645,0.039972280737934796
CO4,FAC_JAN,0.7518059075494997,0.7496213913223491,-0.002184516227150657
CO5,FAC_JAN,0.8082633568318279,0.8364182696685494,0.028154912836721446
CO6,FAC_JAN,0.8930546009272727,0.8976145430991328,0.004559942171860065
CO7,FAC_JAN,0.7706564188241717,0.7764173183017256,0.005760899477553871
CO8,FAC_JAN,0.9461899911139956,0.9349387945971552,-0.011251196516840367
CO9,FAC_JAN,0.6496647908456837,0.7192412947814336,0.06957650393574988
COA,FAC_JAN,0.7722741039944213,0.720720861123016,-0.05155324287140528
COB,FAC_JAN,0.8654792916854331,0.8603959108821375,-0.005083380803295623
COC,FAC_JAN,0.9263964220523472,0.9408505678323448,0.014454145779997596
COD,FAC_JAN,0.9583026748590464,0.8668795891742124,-0.09142308568483404
COE,FAC_JAN,0.7399344271676772,0.7336452095015689,-0.006289217666108349
COJ,FAC_JAN,0.4149750899264168,0.5721454668999852,0.15717037697356845
COK,FAC_JAN,1.147655333380896,1.0416968985719022,-0.10595843480899392
COM,FAC_JAN,0.2509847916342588,0.2944936051808275,0.043508813546568714
CON,FAC_JAN,0.5368000360619636,0.5523347318613298,0.015534695799366172
COO,FAC_JAN,0.6606606929139981,0.6347113257039462,-0.02594936721005192
COP,FAC_JAN,0.81593663621472,0.8341319420195826,0.018195305804862616
COQ,FAC_JAN,0.7909732368480461,0.8113593826663605,0.02038614581831444
COR,FAC_JAN,0.8522930576048603,0.8392434550318411,-0.013049602573019237
COS,FAC_JAN,0.8599703183771631,0.895531091845327,0.035560773468163887
COT,FAC_JAN,0.9024160599709178,0.8754859452878948,-0.026930114683022977
COU,FAC_JAN,0.9345850552812196,0.9149528419582046,-0.019632213323015013
COV,FAC_JAN,0.9600213031428524,0.9066859379358754,-0.053335365206977015
COW,FAC_JAN,0.8591475377364065,0.8812862277502741,0.02213869001386759
COX,FAC_JAN,0.8667134521250794,0.8516242468861497,-0.01508920523892976
COY,FAC_JAN,0.7470626180350047,0.6558470274599253,-0.09121559057507944
CO0,FAC_JUL,2.0657961761013577,2.153711426839584,0.08791525073822637
CO1,FAC_JUL,2.609596022454084,2.607404754091795,-0.0021912683622891116
CO2,FAC_JUL,1.352569217579096,1.1385917665474874,-0.2139774510316086
CO3,FAC_JUL,1.8682388096059448,1.832590899088557,-0.03564791051738769
CO4,FAC_JUL,1.1690565725476434,1.1147417970720537,-0.054314775475589716
CO5,FAC_JUL,1.1372185514509543,1.0707115488889556,-0.06650700256199871
CO6,FAC_JUL,1.031387205878588,1.049036802851645,0.017649596973057013
CO7,FAC_JUL,1.3139639437010122,1.341026046282841,0.02706210258182873
CO8,FAC_JUL,0.9976436620488214,1.0140047398745646,0.016361077825743253
CO9,FAC_JUL,1.3321744803123652,1.24347565095132,-0.08869882936104512
COA,FAC_JUL,1.2107689079308053,1.208520083543195,-0.0022488243876102043
COB,FAC_JUL,1.0568904612300156,1.0534929753817763,-0.00339748584823929
COC,FAC_JUL,1.033595384215042,1.0306761860710505,-0.0029191981439915526
COD,FAC_JUL,1.1807844729908397,1.2055373996587806,0.024752926667940933
COE,FAC_JUL,1.268664563360571,1.2526992327490023,-0.015965330611568795
COJ,FAC_JUL,1.1780139948783408,1.089242410982819,-0.08877158389552187
COK,FAC_JUL,1.116224959167935,1.120109452078902,0.00388449291096693
COM,FAC_JUL,2.400516142419965,2.5017771513721345,0.10126100895216972
CON,FAC_JUL,1.4472409045439605,1.392894819657064,-0.054346084886896406
COO,FAC_JUL,1.2312912994253444,1.197045715083328,-0.03424558434201641
COP,FAC_JUL,1.079645085561053,1.022753943836988,-0.056891141724065175
COQ,FAC_JUL,1.205599133375693,1.1599136771842022,-0.04568545619149078
COR,FAC_JUL,1.1473659701591017,1.1514431741153748,0.00407720395627309
COS,FAC_JUL,1.0366209622216074,1.0362307982769794,-0.00039016394462798587
COT,FAC_JUL,1.0100383451627046,1.012953335054643,0.00291498989193828
COU,FAC_JUL,0.9959643596743324,1.0033041394135862,0.0073397797392538155
COV,FAC_JUL,0.9408872568558216,0.927428305357386,-0.013458951498435678
COW,FAC_JUL,1.0082197674576103,0.9924343619911676,-0.015785405466442692
COX,FAC_JUL,0.9080560120606476,0.9342198729890432,0.02616386092839562
COY,FAC_JUL,1.375967318795273,1.3314272804933351,-0.04454003830193787
CO0,FAC_JUN,1.8914421201066955,1.4069979473648024,-0.4844441727418931
CO1,FAC_JUN,1.6769097036467218,1.5980058463750444,-0.07890385727167737
CO2,FAC_JUN,1.2120639586810806,0.7962938791783302,-0.41577007950275047
CO3,FAC_JUN,1.5833044887266716,1.459660065389158,-0.12364442333751358
CO4,FAC_JUN,1.125786433459382,1.0618686108102289,-0.06391782264915302
CO5,FAC_JUN,1.0980879992273327,1.030492169068471,-0.06759583015886172
CO6,FAC_JUN,1.041649210387477,1.0017404868934376,-0.0399087234940394
CO7,FAC_JUN,1.169819514319914,1.1562352578694006,-0.01358425645051331
CO8,FAC_JUN,1.0174151114541587,0.99004552884694,-0.02736958260721878
CO9,FAC_JUN,1.3221735911927723,1.1898822946718766,-0.13229129652089577
COA,FAC_JUN,1.163520919018206,1.1928409763077827,0.02932005728957665
COB,FAC_JUN,1.0629428480176055,1.0407497649981858,-0.02219308301941969
COC,FAC_JUN,1.0414832565166012,0.998054391959101,-0.04342886455750028
COD,FAC_JUN,1.1061198747815066,1.0308282547976393,-0.07529161998386735
COE,FAC_JUN,1.1852832682811418,1.2141222562562597,0.028838987975117858
COJ,FAC_JUN,1.262901761881208,1.2142881569208066,-0.048613604960401346
COK,FAC_JUN,1.0014286418860905,0.985487960766546,-0.015940681119544498
COM,FAC_JUN,1.69562203615972,1.5458704813290651,-0.14975155483065494
CON,FAC_JUN,1.412545425909148,1.4021294464456775,-0.010415979463470393
COO,FAC_JUN,1.2044363972284329,1.2496855257284158,0.04524912849998297
COP,FAC_JUN,1.1046864011476325,1.0684130177345947,-0.03627338341303776
COQ,FAC_JUN,1.1718964878662066,1.1517389513161946,-0.020157536550011956
COR,FAC_JUN,1.102245178664295,1.0567385209219713,-0.045506657742323764
COS,FAC_JUN,1.063569432392304,1.036547073630072,-0.027022358762232024
COT,FAC_JUN,1.0351858944153494,1.009914727287213,-0.025271167128136263
COU,FAC_JUN,1.022215742314597,0.9992338105582604,-0.02298193175633656
COV,FAC_JUN,0.969969480505537,0.9675262560065456,-0.00244322449899137
COW,FAC_JUN,1.031020882303022,1.0007061480580848,-0.030314734244937247
COX,FAC_JUN,0.9264116391239452,0.950698055548259,0.02428641642431384
COY,FAC_JUN,1.2326893444849845,1.1388812863977864,-0.09380805808719805
CO0,FAC_MAR,0.4227600925733961,0.3671104431561576,-0.05564964941723849
CO1,FAC_MAR,0.4858843633230556,0.4692152137911198,-0.016669149531935823
CO2,FAC_MAR,1.0601703086693732,1.226985450520111,0.16681514185073776
CO3,FAC_MAR,0.4960593305833187,0.4677261567345311,-0.028333173848787585
CO4,FAC_MAR,1.0452387087697517,1.02623312022094,-0.019005588548811625
CO5,FAC_MAR,0.9805605606388416,0.984711344166299,0.004150783527457458
CO6,FAC_MAR,0.9889787911461548,0.9655921789183676,-0.023386612227787262
CO7,FAC_MAR,0.9305887085083964,0.8995986606207278,-0.03099004788766857
CO8,FAC_MAR,1.00592083320107,0.9642512489178464,-0.04166958428322365
CO9,FAC_MAR,0.9442912619281758,0.9227828397180732,-0.02150842221010263
COA,FAC_MAR,0.9173946823840702,0.8086083965869607,-0.10878628579710947
COB,FAC_MAR,0.961889288122684,0.9148227614761814,-0.04706652664650268
COC,FAC_MAR,0.9795959282169936,0.9560507722636258,-0.023545155953367813
COD,FAC_MAR,0.9514960154219154,0.8491134541108408,-0.1023825613110746
COE,FAC_MAR,0.9185989296534368,0.9115392753514688,-0.007059654301967977
COJ,FAC_MAR,1.0523576319109975,0.9917595531763552,-0.06059807873464229
COK,FAC_MAR,1.0727665274913532,0.989756562854924,-0.08300996463642918
COM,FAC_MAR,0.2308548784496112,0.2520962113332116,0.02124133288360039
CON,FAC_MAR,0.8286619463885163,0.7813530011052332,-0.04730894528328311
COO,FAC_MAR,0.9530700233235764,0.8821938429588515,-0.07087618036472487
COP,FAC_MAR,0.9395903877305788,0.9121455352630604,-0.027444852467518377
COQ,FAC_MAR,0.9315219394197276,0.9125599587968196,-0.018961980622907992
COR,FAC_MAR,0.922650487703112,0.864429202038852,-0.05822128566425999
COS,FAC_MAR,0.9669136034480318,0.964833436621388,-0.0020801668266438034
COT,FAC_MAR,0.9887908359796732,0.9462262195889588,-0.042564616390714405
COU,FAC_MAR,0.9965378393183276,0.9735207672537516,-0.02301707206457604
COV,FAC_MAR,1.0302718565017106,1.0418321278278715,0.011560271326160887
COW,FAC_MAR,1.025221081386959,1.0201739650768695,-0.005047116310089583
COX,FAC_MAR,1.013054359550838,0.9981127202239024,-0.014941639326935485
COY,FAC_MAR,0.8334384404484569,0.752032266755085,-0.08140617369337189
CO0,FAC_MAX,2.0657961761013577,2.153711426839584,0.08791525073822637
CO1,FAC_MAX,2.609596022454084,2.607404754091795,-0.0021912683622891116
CO2,FAC_MAX,1.352569217579096,1.3333059413869637,-0.019263276192132306
CO3,FAC_MAX,1.8682388096059448,1.832590899088557,-0.03564791051738769
CO4,FAC_MAX,1.1690565725476434,1.1147417970720537,-0.054314775475589716
CO5,FAC_MAX,1.1372185514509543,1.0707115488889556,-0.06650700256199871
CO6,FAC_MAX,1.041649210387477,1.049036802851645,0.00738759246416798
CO7,FAC_MAX,1.3139639437010122,1.341026046282841,0.02706210258182873
CO8,FAC_MAX,1.0254369118009663,1.0495114104650038,0.024074498664037547
CO9,FAC_MAX,1.3321744803123652,1.24347565095132,-0.08869882936104512
COA,FAC_MAX,1.2107689079308053,1.208520083543195,-0.0022488243876102043
COB,FAC_MAX,1.0778772174771352,1.0783014147917531,0.00042419731461795784
COC,FAC_MAX,1.0567277706587563,1.0553415222948106,-0.0013862483639457412
COD,FAC_MAX,1.1807844729908397,1.2055373996587806,0.024752926667940933
COE,FAC_MAX,1.268664563360571,1.2526992327490023,-0.015965330611568795
COJ,FAC_MAX,1.4011023127761268,1.334730294983723,-0.06637201779240387
COK,FAC_MAX,1.147655333380896,1.120109452078902,-0.0275458813019942
COM,FAC_MAX,2.400516142419965,2.5017771513721345,0.10126100895216972
CON,FAC_MAX,1.4472409045439605,1.4021294464456775,-0.045111458098282986
COO,FAC_MAX,1.2312912994253444,1.2496855257284158,0.018394226303071415
COP,FAC_MAX,1.106459236219312,1.1275373441236245,0.021078107904312526
COQ,FAC_MAX,1.205599133375693,1.1599136771842022,-0.04568545619149078
COR,FAC_MAX,1.1473659701591017,1.1514431741153748,0.00407720395627309
COS,FAC_MAX,1.072395186995016,1.0821819190648168,0.009786732069800852
COT,FAC_MAX,1.04344158156727,1.0509663459180834,0.0075247643508133955
COU,FAC_MAX,1.0244621820202726,1.043555022887118,0.019092840866845373
COV,FAC_MAX,1.0365961271609994,1.064405493856906,0.027809366695906723
COW,FAC_MAX,1.070998960667917,1.1083576197667058,0.03735865909878866
COX,FAC_MAX,1.1263911966684543,1.100111369318764,-0.026279827349690255
COY,FAC_MAX,1.375967318795273,1.3314272804933351,-0.04454003830193787
CO0,FAC_MAY,0.9747646647683044,0.9610797601506726,-0.013684904617631721
CO1,FAC_MAY,0.8721830198034718,0.8577811023695965,-0.014401917433875311
CO2,FAC_MAY,0.6054250200827601,0.6796523695386543,0.07422734945589415
CO3,FAC_MAY,0.9569545076288878,0.9398756007124074,-0.017078906916480396
CO4,FAC_MAY,1.0203774066682956,1.045603535441822,0.02522612877352648
CO5,FAC_MAY,1.0206384459954136,1.0394492390868126,0.018810793091398992
CO6,FAC_MAY,1.0201677686804635,1.03456956464927,0.01440179596880653
CO7,FAC_MAY,1.0303099365429111,1.0182585962869604,-0.012051340255950782
CO8,FAC_MAY,1.0113740819598205,1.019302418631951,0.007928336672130554
CO9,FAC_MAY,1.1327223587568045,1.114709057626995,-0.01801330112980959
COA,FAC_MAY,1.037508942913999,1.0731862472505482,0.035677304336549254
COB,FAC_MAY,1.0310904820574998,1.0458732057627695,0.014782723705269785
COC,FAC_MAY,1.0123538996553298,1.0138518955291749,0.001497995873845026
COD,FAC_MAY,0.9450559209348732,0.9693116137918788,0.024255692857005573
COE,FAC_MAY,1.031137485900781,1.0773250506434229,0.04618756474264196
COJ,FAC_MAY,1.4011023127761268,1.334730294983723,-0.06637201779240387
COK,FAC_MAY,0.8426665010473952,0.8917736645610725,0.04910716351367739
COM,FAC_MAY,0.7341027080658016,0.3182225863177,-0.41588012174810157
CON,FAC_MAY,1.2061680287991017,1.2272353390632489,0.02106731026414721
COO,FAC_MAY,1.1482898975911626,1.1942971895363,0.04600729194513731
COP,FAC_MAY,1.106459236219312,1.1129161678230497,0.006456931603737726
COQ,FAC_MAY,1.05051133976151,1.0493689803437054,-0.001142359417804606
COR,FAC_MAY,1.0181484081067669,1.0408193477161796,0.022670939609412688
COS,FAC_MAY,1.0534211121217594,1.0821819190648168,0.028760806943057382
COT,FAC_MAY,1.0278408078890768,1.034924568257153,0.007083760368076231
COU,FAC_MAY,1.0244621820202726,1.043555022887118,0.019092840866845373
COV,FAC_MAY,1.002875764029648,0.999906644912684,-0.0029691191169639586
COW,FAC_MAY,1.0446254707064069,1.050071682468808,0.005446211762401232
COX,FAC_MAY,1.0142818427677025,1.025934887618469,0.01165304485076657
COY,FAC_MAY,1.022629259437542,1.0905566427578912,0.06792738332034931
CO0,FAC_MON,0.704786027970164,0.7082752978914846,0.0034892699213205924
CO1,FAC_MON,0.7870386965648666,0.8163350300984136,0.029296333533546992
CO2,FAC_MON,0.721934063100403,0.824181697540969,0.10224763444056606
CO3,FAC_MON,0.8178061145637082,0.8527822946534022,0.03497618008969394
CO4,FAC_MON,0.8340179403904823,0.8561761530299983,0.022158212639516006
CO5,FAC_MON,0.9195213880549208,0.9478921061589868,0.028370718104065995
CO6,FAC_MON,1.017864077817633,0.982142163260064,-0.03572191455756912
CO7,FAC_MON,0.8691929224083703,0.8826893870573254,0.013496464648955042
CO8,FAC_MON,1.080990841952511,1.031719481726863,-0.04927136022564804
CO9,FAC_MON,0.9090156265535382,0.899350934861248,-0.009664691692290228
COA,FAC_MON,0.8232024638278378,0.8142973465551026,-0.008905117272735241
COB,FAC_MON,1.0094878143966135,0.9982147133243576,-0.011273101072255876
COC,FAC_MON,1.0572076456265325,1.0281249700850894,-0.02908267554144306
COD,FAC_MON,0.957153847662803,0.9621001696248144,0.004946321962011391
COE,FAC_MON,0.8875522279229453,0.8836720716170532,-0.003880156305892113
COJ,FAC_MON,0.8912436110366966,0.9190459273409148,0.027802316304218255
COK,FAC_MON,1.000242738107426,1.023896974820522,0.023654236713096077
COM,FAC_MON,0.6530651039270341,0.675934622890463,0.022869518963428925
CON,FAC_MON,0.917490104220112,0.9186873901588244,0.001197285938712378
COO,FAC_MON,0.939143812653744,0.9485297225214252,0.009385909867681175
COP,FAC_MON,0.9505513985422844,1.0077814459071073,0.057230047364822845
COQ,FAC_MON,0.9151166948417452,0.9284816529494208,0.013364958107675573
COR,FAC_MON,0.9691627027014098,0.9596867154416104,-0.009475987259799368
COS,FAC_MON,1.0517231791968942,1.0191746533519686,-0.032548525844925624
COT,FAC_MON,1.0505824409707358,1.0368343919911704,-0.013748048979565386
COU,FAC_MON,1.0545071946731264,1.0194105232491149,-0.035096671424011516
COV,FAC_MON,1.0519404285050684,1.0415185500130295,-0.010421878492038905
COW,FAC_MON,1.037559407960683,1.0402965086459115,0.0027371006852285884
COX,FAC_MON,1.0445090626436695,1.055174196079102,0.010665133435432406
COY,FAC_MON,0.8869276316612359,0.8749638582638202,-0.011963773397415722
CO0,FAC_NOV,0.4285968238106927,0.4429053387905745,0.014308514979881781
CO1,FAC_NOV,0.4906519981214863,0.5422385143748125,0.05158651625332622
CO2,FAC_NOV,0.6203135380139733,0.6251255103823055,0.004811972368332196
CO3,FAC_NOV,0.678942697781096,0.7806710506687679,0.1017283528876719
CO4,FAC_NOV,1.0036205445437414,1.057300134459329,0.05367958991558752
CO5,FAC_NOV,0.984665428383452,1.0359576170355218,0.05129218865206986
CO6,FAC_NOV,0.9951009618914344,1.0195808999610194,0.02447993806958504
CO7,FAC_NOV,0.911534566459537,0.9675662719581176,0.05603170549858061
CO8,FAC_NOV,0.9937601226467536,1.0106745677631386,0.016914445116384957
CO9,FAC_NOV,0.8704347075396052,0.9643435632204896,0.09390885568088447
COA,FAC_NOV,0.9410798255151172,0.961351236795842,0.02027141128072485
COB,FAC_NOV,0.9886281389190305,1.0214733906214903,0.03284525170245989
COC,FAC_NOV,0.98598881483913,1.0087751223242352,0.02278630748510513
COD,FAC_NOV,0.9041123027313414,0.9561275285907832,0.05201522585944185
COE,FAC_NOV,0.9556653531689042,1.010485389495838,0.054820036326933885
COJ,FAC_NOV,0.8279776758175006,0.8713216423881802,0.043343966570679626
COK,FAC_NOV,0.8796233212722796,0.924590445506052,0.04496712423377236
COM,FAC_NOV,0.6446317428335789,0.7809377184867126,0.13630597565313363
CON,FAC_NOV,0.7434321925617182,0.8139576793783561,0.07052548681663784
COO,FAC_NOV,0.8951099171630003,0.8858078959226799,-0.009302021240320313
COP,FAC_NOV,0.9511353883409284,0.9855150748601256,0.034379686519197206
COQ,FAC_NOV,0.913329929609351,0.927650394185858,0.014320464576507042
COR,FAC_NOV,0.9351178905344836,0.9676469096959348,0.032529019161451234
COS,FAC_NOV,0.989553572783702,0.9776992497658054,-0.011854323017896684
COT,FAC_NOV,0.9935947234727188,1.0467870297114923,0.05319230623877347
COU,FAC_NOV,0.994384939881418,0.9985822992660526,0.0041973593846346136
COV,FAC_NOV,1.0305256724936096,1.0279302552191818,-0.0025954172744278026
COW,FAC_NOV,0.9847153004696608,1.0062029834489077,0.021487682979246858
COX,FAC_NOV,1.1107116060202693,1.063973802952482,-0.04673780306778741
COY,FAC_NOV,0.8786549407590734,0.9927916195772633,0.1141366788181899
CO0,FAC_OCT,1.3425103774576457,1.579966270401383,0.23745589294373737
CO1,FAC_OCT,0.7136362581390826,0.7728092659308172,0.05917300779173462
CO2,FAC_OCT,0.8412005277618841,0.9093865923548236,0.06818606459293941
CO3,FAC_OCT,1.2298725447791847,1.4060539777854884,0.17618143300630362
CO4,FAC_OCT,1.0372043456578113,1.0983377605391658,0.061133414881354486
CO5,FAC_OCT,1.03125556688109,1.0649752912641064,0.03371972438301629
CO6,FAC_OCT,1.0242385502308438,1.0301187549326802,0.005880204701836478
CO7,FAC_OCT,0.9954712994646556,1.058478865388215,0.06300756592355927
CO8,FAC_OCT,1.0254369118009663,1.0163025455211083,-0.009134366279857975
CO9,FAC_OCT,1.00838668512051,1.081352367344703,0.07296568222419286
COA,FAC_OCT,1.037371824540914,1.0461404956628615,0.008768671121947458
COB,FAC_OCT,1.0351785250916723,1.05488975061644,0.019711225524767784
COC,FAC_OCT,1.0153669867822244,1.0327499541260403,0.017382967343815947
COD,FAC_OCT,0.9774350846162874,1.0360450885071346,0.05861000389084725
COE,FAC_OCT,1.0264160315519228,1.014364581507287,-0.012051450044635814
COJ,FAC_OCT,1.195263859094417,1.269851350437703,0.07458749134328602
COK,FAC_OCT,0.9158697854681336,0.9620356521280138,0.046165866659880206
COM,FAC_OCT,1.3139206334600193,1.3728063051292736,0.05888567166925429
CON,FAC_OCT,1.0805315540191291,1.1856747673773993,0.10514321335827015
COO,FAC_OCT,1.06920894006255,1.157166055829905,0.0879571157673551
COP,FAC_OCT,1.0684294111630894,1.1275373441236245,0.05910793296053507
COQ,FAC_OCT,1.0384836882867492,1.0856883109868944,0.04720462270014525
COR,FAC_OCT,1.0377130698258856,1.085396001503661,0.047682931677775375
COS,FAC_OCT,1.0468354289227122,1.0502894724138938,0.003454043491181613
COT,FAC_OCT,1.035786093486012,1.0345991864213626,-0.0011869070646493007
COU,FAC_OCT,1.0103273573061182,1.020926624485375,0.010599267179256744
COV,FAC_OCT,1.019504115789717,1.0500112907133243,0.03050717492360744
COW,FAC_OCT,1.0365859260894597,1.0613933570617915,0.024807430972331845
COX,FAC_OCT,1.1263911966684543,1.100111369318764,-0.026279827349690255
COY,FAC_OCT,1.0274379897622878,1.123786231256064,0.09634824149377619
CO0,FAC_SAT,1.6199936739241174,1.5801985800528986,-0.03979509387121882
CO1,FAC_SAT,1.476477575976541,1.370163903040451,-0.10631367293608984
CO2,FAC_SAT,1.462379942352107,1.2819631579432245,-0.18041678440888265
CO3,FAC_SAT,1.3215554918671828,1.2384021606278812,-0.08315333123930158
CO4,FAC_SAT,1.013477932243044,1.0432232772766352,0.029745345033591164
CO5,FAC_SAT,1.0531499514408829,1.017154893277969,-0.03599505816291382
CO6,FAC_SAT,0.9653033901469468,1.0038640566747892,0.0385606665278424
CO7,FAC_SAT,1.1097087712280234,1.104436329934949,-0.00527244129307447
CO8,FAC_SAT,0.7860020207303481,0.8759010369690198,0.08989901623867169
CO9,FAC_SAT,1.0466493718763603,1.0616466376391274,0.014997265762767054
COA,FAC_SAT,1.2339030755257454,1.2750676417308255,0.04116456620508013
COB,FAC_SAT,0.9631840291247816,0.9685645929561882,0.005380563831406615
COC,FAC_SAT,0.8309228702627643,0.8738004682254767,0.0428775979627124
COD,FAC_SAT,1.011837600437542,0.9705410662154692,-0.0412965342220728
COE,FAC_SAT,1.0336176263404653,1.0532491968925437,0.019631570552078426
COJ,FAC_SAT,1.136523561341364,1.0699490938365426,-0.06657446750482143
COK,FAC_SAT,0.9464324236867242,0.8918394329209234,-0.05459299076580082
COM,FAC_SAT,1.4991326238891676,1.5122799831448903,0.013147359255722746
CON,FAC_SAT,1.064473148113044,1.0861024159070185,0.02162926779397445
COO,FAC_SAT,1.0187271221875878,1.033651815338272,0.014924693150684343
COP,FAC_SAT,1.0649410526144274,0.9849041000697052,-0.0800369525447222
COQ,FAC_SAT,1.1070571720782514,1.0757195727514677,-0.031337599326783705
COR,FAC_SAT,1.1048243107361595,1.1048944152374989,7.010450133937418e-05
COS,FAC_SAT,0.8741788187907082,0.93295404331366,0.05877522452295181
COT,FAC_SAT,0.9244627585519316,0.9344181562763128,0.009955397724381143
COU,FAC_SAT,0.8873023346148212,0.915957885323124,0.028655550708302835
COV,FAC_SAT,1.0111856671891075,0.9774953188857762,-0.033690348303331286
COW,FAC_SAT,0.96416647550556,0.9451366447581316,-0.019029830747428367
COX,FAC_SAT,0.8487299517313828,0.865074062533134,0.016344110801751244
COY,FAC_SAT,1.079128557026349,1.0640625579984804,-0.015065999027868537
CO0,FAC_SEP,1.5525266451253548,1.6588427630066331,0.10631611788127837
CO1,FAC_SEP,1.0937703267995034,1.16622630590795,0.0724559791084467
CO2,FAC_SEP,1.0545834009192998,1.0028890806378037,-0.05169432028149612
CO3,FAC_SEP,1.570930979379949,1.4717200546255784,-0.09921092475437066
CO4,FAC_SEP,0.9778340517358745,1.0003708945108531,0.022536842774978694
CO5,FAC_SEP,1.0254867071266849,1.0181226403130224,-0.007364066813662529
CO6,FAC_SEP,1.0200654016979631,1.0248269424216685,0.004761540723705382
CO7,FAC_SEP,1.045411394441251,1.080526841437656,0.03511544699640501
CO8,FAC_SEP,1.01487910368958,1.028775950546324,0.013896846856744194
CO9,FAC_SEP,1.1035424498343789,1.070418538265834,-0.033123911568544884
COA,FAC_SEP,1.1061767532165308,1.113063836871168,0.006887083654637305
COB,FAC_SEP,1.051221983366189,1.0783014147917531,0.027079431425564016
COC,FAC_SEP,1.0360673202207382,1.0553415222948106,0.019274202074072377
COD,FAC_SEP,1.0581206792019835,1.124447025546954,0.06632634634497059
COE,FAC_SEP,1.058250250092356,1.0294148378377297,-0.02883541225462638
COJ,FAC_SEP,1.2247317160571,1.1693003366240522,-0.05543137943304788
COK,FAC_SEP,0.98984565950415,1.0437096881927492,0.053864028688599186
COM,FAC_SEP,1.6032492274645354,1.751848530003744,0.14859930253920872
CON,FAC_SEP,1.2646063588064294,1.22223080799619,-0.04237555081023925
COO,FAC_SEP,1.129330047564655,1.157413048350724,0.028083000786068846
COP,FAC_SEP,1.0751595914475105,1.086250489039875,0.01109089759236448
COQ,FAC_SEP,1.0572284103914047,1.100147989043101,0.042919578651696266
COR,FAC_SEP,1.0758343042649452,1.101767172673268,0.025932868408322873
COS,FAC_SEP,1.0607138317042564,1.0553358412491145,-0.005377990455141868
COT,FAC_SEP,1.04344158156727,1.0443782771570052,0.0009366955897351925
COU,FAC_SEP,1.0237869133081794,1.0412644459025318,0.017477532594352363
COV,FAC_SEP,0.988134516106462,1.0190010145490949,0.030866498442632895
COW,FAC_SEP,1.0393188086804632,1.0226136689552552,-0.01670513972520804
COX,FAC_SEP,1.0094058692442254,1.033959168803669,0.02455329955944352
COY,FAC_SEP,1.1213058516267245,1.203911946161196,0.08260609453447154
CO0,FAC_SPR,0.6502116196272529,0.6039554841824198,-0.04625613544483309
CO1,FAC_SPR,0.6471724860419374,0.6152032939061968,-0.031969192135740676
CO2,FAC_SPR,0.7791368479016404,0.9463586735895924,0.16722182568795196
CO3,FAC_SPR,0.7082581573812329,0.6807222312422375,-0.02753592613899536
CO4,FAC_SPR,1.044441391222141,1.0500558019015491,0.005614410679408044
CO5,FAC_SPR,1.0025983706830968,1.0205332914322236,0.017934920749126837
CO6,FAC_SPR,1.0093767128164015,0.9971317939139778,-0.01224491890242374
CO7,FAC_SPR,0.9766451137479536,0.9426182948721434,-0.03402681887581016
CO8,FAC_SPR,1.0101050426189804,0.988470361274224,-0.021634681344756324
CO9,FAC_SPR,1.0247642864640027,1.005117986828811,-0.019646299635191822
COA,FAC_SPR,0.971081848266106,0.9474016326893644,-0.023680215576741603
COB,FAC_SPR,0.9945085656297415,0.9794674553433592,-0.015041110286382331
COC,FAC_SPR,0.9905638888346208,0.974170785625616,-0.016393103209004778
COD,FAC_SPR,0.925192281808628,0.8931655031363603,-0.032026778672267664
COE,FAC_SPR,0.9742249174431452,0.9835437875664556,0.009318870123310341
COJ,FAC_SPR,1.2456448527964323,1.195210219422596,-0.05043463337383636
COK,FAC_SPR,0.9087650848605476,0.918389658790045,0.009624573929497338
COM,FAC_SPR,0.4261281626599124,0.2627903950088429,-0.1633377676510695
CON,FAC_SPR,1.0068214600962655,0.981143330785976,-0.025678129310289455
COO,FAC_SPR,1.046871869751462,1.0535637059115546,0.006691836160092501
COP,FAC_SPR,1.0275637125228323,1.0070853106647448,-0.02047840185808747
COQ,FAC_SPR,0.9859401699362924,0.9905910971293084,0.0046509271930159635
COR,FAC_SPR,0.9654021561782492,0.9404134720740962,-0.024988684104153003
COS,FAC_SPR,1.0107418618654127,1.0248996768247034,0.014157814959290693
COT,FAC_SPR,1.0104067920064892,0.9923774149396816,-0.018029377066807628
COU,FAC_SPR,1.0117432414697418,1.013727411426021,0.001984169956279258
COV,FAC_SPR,1.0232479158974528,1.035381422199154,0.01213350630170118
COW,FAC_SPR,1.0469485042537612,1.0595344224374612,0.012585918183700029
COX,FAC_SPR,1.0232415611030208,1.0378294038635776,0.014587842760556802
COY,FAC_SPR,0.9158899249073638,0.9084194686821376,-0.00747045622522613
CO0,FAC_SUM,1.9087888159970536,1.785207629426695,-0.12358118657035866
CO1,FAC_SUM,2.131859210701428,2.050650905484253,-0.08120830521717481
CO2,FAC_SUM,1.2650865879640216,0.974919967231551,-0.29016662073247057
CO3,FAC_SUM,1.6935253894475892,1.5839134759851026,-0.10961191346248667
CO4,FAC_SUM,1.1233687870530336,1.0608209018675514,-0.06254788518548215
CO5,FAC_SUM,1.112284142142456,1.0439016633446498,-0.06838247879780623
CO6,FAC_SUM,1.0373706241235765,1.0278761382147594,-0.009494485908817074
CO7,FAC_SUM,1.2369616029955826,1.2232455151583712,-0.013716087837211344
CO8,FAC_SUM,1.0069743736144126,1.0178538930621694,0.010879519447756891
CO9,FAC_SUM,1.286119945430439,1.1851970200489352,-0.10092292538150383
COA,FAC_SUM,1.1850775719227025,1.1991726752201233,0.014095103297420808
COB,FAC_SUM,1.065903508908252,1.0547292269152813,-0.01117428199297077
COC,FAC_SUM,1.0439354704634662,1.0224872392592563,-0.02144823120420991
COD,FAC_SUM,1.1470063806460784,1.1410027023142273,-0.0060036783318511144
COE,FAC_SUM,1.217372862134663,1.2076149081547138,-0.009757953979949052
COJ,FAC_SUM,1.1772218911539565,1.0916438905360242,-0.0855780006179323
COK,FAC_SUM,1.063539964547289,1.052960862571667,-0.01057910197562184
COM,FAC_SUM,2.0898702864011858,2.06576653924446,-0.024103747156725586
CON,FAC_SUM,1.377221637279491,1.3192836050730794,-0.05793803220641158
COO,FAC_SUM,1.1964884836405965,1.1758474302163504,-0.020641053424246047
COP,FAC_SUM,1.0913556919025091,1.0495635220905573,-0.041792169811951885
COQ,FAC_SUM,1.173745757076098,1.1357156285876189,-0.0380301284884792
COR,FAC_SUM,1.1317875220380182,1.116311775215374,-0.015475746822644298
COS,FAC_SUM,1.0575285272029755,1.0413650238604608,-0.016163503342514707
COT,FAC_SUM,1.0282708082037846,1.0246114694199795,-0.0036593387838050884
COU,FAC_SUM,1.0134941362599883,1.0141102856213973,0.0006161493614089686
COV,FAC_SUM,0.9597515321703955,0.9570705320782154,-0.002681000092180197
COW,FAC_SUM,1.0240739232410707,0.9893544175352648,-0.03471950570580595
COX,FAC_SUM,0.9256793072079912,0.9543043478187434,0.028625040610752217
COY,FAC_SUM,1.30882824594114,1.2563420071655842,-0.052486238775555805
CO0,FAC_SUN,1.528408118551952,1.5721708650707769,0.043762746518824835
CO1,FAC_SUN,1.0313685048172614,0.9969923633481106,-0.0343761414691508
CO2,FAC_SUN,1.429560842475235,1.2034761379764716,-0.2260847044987635
CO3,FAC_SUN,1.1053226844039432,1.064685940012412,-0.0406367443915312
CO4,FAC_SUN,1.209043223551615,1.1042131106063813,-0.10483011294523381
CO5,FAC_SUN,0.9376035401516436,0.8427344824811035,-0.0948690576705401
CO6,FAC_SUN,0.6771169906218597,0.7206054393979039,0.043488448776044186
CO7,FAC_SUN,1.0694741099345686,1.04772536773937,-0.02174874219519851
CO8,FAC_SUN,0.576284629734163,0.6399188521016036,0.06363422236744065
CO9,FAC_SUN,1.005687855905319,0.9325476167289516,-0.07314023917636747
COA,FAC_SUN,1.1767618143179934,1.1589248123052658,-0.017837002012727643
COB,FAC_SUN,0.7175951569853477,0.6904095043579808,-0.02718565262736694
COC,FAC_SUN,0.6455556617349884,0.689013816610829,0.043458154875840704
COD,FAC_SUN,0.8282235136901551,0.7819431801009579,-0.04628033358919725
COE,FAC_SUN,1.0540291597918068,1.052757234838365,-0.0012719249534418609
COJ,FAC_SUN,1.0841433394767417,0.995351424489869,-0.08879191498687267
COK,FAC_SUN,0.7705014631857953,0.6693442864326216,-0.1011571767531737
COM,FAC_SUN,1.4313836986813049,1.390603040981928,-0.04078065769937678
CON,FAC_SUN,1.0107647783998006,0.9635814784047292,-0.047183299995071426
COO,FAC_SUN,0.9697281044735182,0.9429050235051476,-0.026823080968370605
COP,FAC_SUN,0.8819341020349726,0.7429475005838443,-0.1389866014511283
COQ,FAC_SUN,0.921822095714005,0.9062323572803462,-0.01558973843365874
COR,FAC_SUN,0.7149441917190826,0.7264476003036204,0.0115034085845378
COS,FAC_SUN,0.6428782669808594,0.7036922834081376,0.06081401642727824
COT,FAC_SUN,0.6060580968201829,0.6223223904103041,0.01626429359012127
COU,FAC_SUN,0.6293096726949293,0.6626582317335863,0.033348559038656966
COV,FAC_SUN,0.5684665519539454,0.6116422796742393,0.04317572772029399
COW,FAC_SUN,0.6415643258611764,0.6299225246202564,-0.011641801240919958
COX,FAC_SUN,0.7172858876731857,0.6401655165013882,-0.07712037117179749
COY,FAC_SUN,1.0058719622638612,1.0713153224819556,0.06544336021809438
CO0,FAC_THU,0.7417879583384472,0.7202454776424939,-0.021542480695953325
CO1,FAC_THU,0.9083970320676362,0.9352296308181128,0.02683259875047661
CO2,FAC_THU,0.8019453482971677,0.9249855757835134,0.12304022748634569
CO3,FAC_THU,0.9138950064100204,0.9457876712234684,0.03189266481344799
CO4,FAC_THU,1.019046330477413,1.0514740717026916,0.03242774122527847
CO5,FAC_THU,1.0289411521164742,1.0651099431460374,0.03616879102956316
CO6,FAC_THU,1.0877827240326576,1.0832838840448795,-0.004498839987778114
CO7,FAC_THU,0.974000774290246,1.002351728234158,0.02835095394391207
CO8,FAC_THU,1.1470469553106826,1.128669971070971,-0.01837698423971168
CO9,FAC_THU,1.0383138257358802,1.0512435704989307,0.012929744763050532
COA,FAC_THU,0.9380989909711682,0.9288882237861976,-0.009210767184970603
COB,FAC_THU,1.0766987083619148,1.0889714212337038,0.012272712871788993
COC,FAC_THU,1.1307527658118317,1.1254961466405444,-0.00525661917128728
COD,FAC_THU,1.055055018268641,1.0932226348889245,0.03816761662028356
COE,FAC_THU,1.0111159248596002,1.0070604510090233,-0.004055473850576918
COJ,FAC_THU,0.9721251615053416,1.0273475349039252,0.0552223733985836
COK,FAC_THU,1.0705986918767074,1.1197050280001697,0.04910633612346227
COM,FAC_THU,0.8217448840058711,0.8102905623156472,-0.011454321690223868
CON,FAC_THU,1.005358595975648,1.0143691542454676,0.009010558269819668
COO,FAC_THU,1.0280656747701302,1.0351111746361357,0.007045499866005445
COP,FAC_THU,1.0119800960709848,1.0647701973572616,0.052790101286276814
COQ,FAC_THU,1.0013025679320815,1.0239403659505415,0.022637798018459998
COR,FAC_THU,1.0427347917552252,1.0474524490068982,0.0047176572516729465
COS,FAC_THU,1.1132450873183186,1.0968651494802626,-0.016379937838056025
COT,FAC_THU,1.1071489124842309,1.107333990933442,0.00018507844921122896
COU,FAC_THU,1.1063420277192069,1.103278436765385,-0.0030635909538219153
COV,FAC_THU,1.079760173628249,1.0936513792745897,0.01389120564634072
COW,FAC_THU,1.0858760050891985,1.0978995050053193,0.012023499916120839
COX,FAC_THU,1.0996382527676858,1.1260620777400971,0.02642382497241136
COY,FAC_THU,1.014421777439525,1.0255921741831655,0.01117039674364051
CO0,FAC_TUE,0.6745280955353647,0.6826774814259304,0.008149385890565686
CO1,FAC_TUE,0.769153482707906,0.8073169562574846,0.03816347354957861
CO2,FAC_TUE,0.7434858842815091,0.8030404631974958,0.0595545789159867
CO3,FAC_TUE,0.809171783949583,0.8552000479113905,0.04602826396180748
CO4,FAC_TUE,0.8108144099547652,0.8264417385675112,0.015627328612746072
CO5,FAC_TUE,0.921979334625435,0.9616075392968074,0.0396282046713724
CO6,FAC_TUE,1.0481760143618557,1.0289301254677,-0.019245888894155794
CO7,FAC_TUE,0.8545210001084321,0.8362019636514466,-0.018319036456985516
CO8,FAC_TUE,1.1223125649453238,1.095136237235225,-0.027176327710098924
CO9,FAC_TUE,0.926450413997079,0.9420713904764512,0.015620976479372217
COA,FAC_TUE,0.8323337761446146,0.8194713929100053,-0.01286238323460931
COB,FAC_TUE,1.0340514775822045,1.0477361203287847,0.013684642746580211
COC,FAC_TUE,1.0905633940896349,1.0712665763526463,-0.019296817736988547
COD,FAC_TUE,0.9885923715002712,1.0304369051664424,0.041844533666171135
COE,FAC_TUE,0.903059154544916,0.8900911607454242,-0.012967993799491873
COJ,FAC_TUE,0.8807437867785437,0.9242777258561778,0.04353393907763414
COK,FAC_TUE,1.0328911383746464,1.0797004316634933,0.046809293288846865
COM,FAC_TUE,0.6423430091100091,0.6490606101267193,0.006717601016710262
CON,FAC_TUE,0.906498310114142,0.8882614381810746,-0.018236871933067333
COO,FAC_TUE,0.9490129418583982,0.9413254666993104,-0.007687475159087853
COP,FAC_TUE,0.9628362519806064,1.0119265655471128,0.049090313566506394
COQ,FAC_TUE,0.9236075788429834,0.9238700859746408,0.0002625071316574301
COR,FAC_TUE,0.988413640709218,0.9915797702106935,0.0031661295014755453
COS,FAC_TUE,1.0743601605508002,1.0404860130708222,-0.03387414747997797
COT,FAC_TUE,1.0812824163240309,1.086500411775008,0.005217995450977009
COU,FAC_TUE,1.085062023746547,1.0803725236303745,-0.004689500116172418
COV,FAC_TUE,1.071038795185127,1.0728180891654495,0.001779293980322505
COW,FAC_TUE,1.0476232417898954,1.060510907571013,0.012887665781117663
COX,FAC_TUE,1.0707484605988713,1.075305420161394,0.004556959562522778
COY,FAC_TUE,0.9118909839328754,0.9110730942452588,-0.0008178896876165354
CO0,FAC_WDAVG,0.7152485656658395,0.7107855012587531,-0.004463064407086437
CO1,FAC_WDAVG,0.8240429079410628,0.8633707975763101,0.03932788963524725
CO2,FAC_WDAVG,0.7907495907206302,0.8605574960961517,0.0698079053755215
CO3,FAC_WDAVG,0.8534775807956506,0.8888043663100511,0.035326785514400494
CO4,FAC_WDAVG,0.9049697833638056,0.9238939467227004,0.018924163358894797
CO5,FAC_WDAVG,0.9701443375081144,1.0068678716894903,0.03672353418137597
CO6,FAC_WDAVG,1.0653564926295738,1.054698489959864,-0.010658002669709843
CO7,FAC_WDAVG,0.905874106723064,0.9044563816772168,-0.0014177250458472512
CO8,FAC_WDAVG,1.1348727337872708,1.110913851689778,-0.02395888209749275
CO9,FAC_WDAVG,0.9796284252292132,0.9906192220504476,0.010990796821234383
COA,FAC_WDAVG,0.8814121535022974,0.865214014172853,-0.01619813932944436
COB,FAC_WDAVG,1.0552123694148918,1.0665360729171929,0.011323703502301052
COC,FAC_WDAVG,1.1106749212844116,1.0975565312205309,-0.013118390063880714
COD,FAC_WDAVG,1.0221538887922028,1.0551238832936094,0.032969994501406585
COE,FAC_WDAVG,0.9564834169790768,0.9530130763429498,-0.003470340636126945
COJ,FAC_WDAVG,0.9242515835883096,0.9727030045140924,0.04845142092578281
COK,FAC_WDAVG,1.0530119929295276,1.096266918509627,0.04325492558009936
COM,FAC_WDAVG,0.7160769677724191,0.7246441633690132,0.008567195596594024
CON,FAC_WDAVG,0.9574248367622974,0.9526214409886448,-0.00480339577365263
COO,FAC_WDAVG,0.9887107612218042,0.989119238597432,0.0004084773756277693
COP,FAC_WDAVG,0.9840281724552028,1.0404064048484312,0.05637823239322837
COQ,FAC_WDAVG,0.9592619963159372,0.9710088348901784,0.011746838574241192
COR,FAC_WDAVG,1.012024666891095,1.0181979456357415,0.00617327874464646
COS,FAC_WDAVG,1.0917963836327311,1.06848629351902,-0.0233100901137111
COT,FAC_WDAVG,1.0923620271689187,1.0962694234013572,0.00390739623243852
COU,FAC_WDAVG,1.0946398795831278,1.0916857850445452,-0.002954094538582641
COV,FAC_WDAVG,1.0711585960176482,1.0776466012315693,0.006488005213921122
COW,FAC_WDAVG,1.067676709926741,1.0747630640649883,0.007086354138247319
COX,FAC_WDAVG,1.0879134680113975,1.097231315916975,0.009317847905577548
COY,FAC_WDAVG,0.967244761679798,0.976960117798104,0.009715356118305984
CO0,FAC_WEAVG,1.5742008962380347,1.5761847225618375,0.0019838263238027842
CO1,FAC_WEAVG,1.2539230403969015,1.183578133194281,-0.07034490720262054
CO2,FAC_WEAVG,1.445970392413671,1.242719647959848,-0.20325074445382318
CO3,FAC_WEAVG,1.2134390881355632,1.1515440503201466,-0.06189503781541661
CO4,FAC_WEAVG,1.11126057789733,1.073718193941508,-0.03754238395582199
CO5,FAC_WEAVG,0.9953767457962636,0.9299446878795362,-0.06543205791672735
CO6,FAC_WEAVG,0.8212101903844026,0.8622347480363465,0.041024557651943905
CO7,FAC_WEAVG,1.089591440581296,1.0760808488371596,-0.013510591744136491
CO8,FAC_WEAVG,0.6811433252322558,0.7579099445353118,0.07676661930305595
CO9,FAC_WEAVG,1.0261686138908392,0.9970971271840396,-0.0290714867067996
COA,FAC_WEAVG,1.2053324449218692,1.2169962270180457,0.011663782096176467
COB,FAC_WEAVG,0.8403895930550647,0.8294870486570844,-0.010902544397980218
COC,FAC_WEAVG,0.7382392659988763,0.7814071424181529,0.04316787641927655
COD,FAC_WEAVG,0.9200305570638484,0.8762421231582137,-0.043788433905634694
COE,FAC_WEAVG,1.0438233930661365,1.0530032158654543,0.009179822799317838
COJ,FAC_WEAVG,1.1103334504090527,1.032650259163206,-0.07768319124584666
COK,FAC_WEAVG,0.8584669434362601,0.7805918596767725,-0.0778750837594876
COM,FAC_WEAVG,1.4652581612852362,1.4514415120634092,-0.013816649221827015
CON,FAC_WEAVG,1.037618963256422,1.0248419471558736,-0.012777016100548266
COO,FAC_WEAVG,0.9942276133305534,0.9882784194217096,-0.005949193908843853
COP,FAC_WEAVG,0.9734375773246998,0.8639258003267747,-0.10951177699792514
COQ,FAC_WEAVG,1.0144396338961297,0.990975965015907,-0.023463668880222666
COR,FAC_WEAVG,0.909884251227621,0.9156710077705598,0.005786756542938809
COS,FAC_WEAVG,0.7585285428857836,0.8183231633608988,0.05979462047511519
COT,FAC_WEAVG,0.7652604276860578,0.7783702733433084,0.013109845657250596
COU,FAC_WEAVG,0.7583060036548741,0.7893080585283551,0.031002054873480955
COV,FAC_WEAVG,0.7898261095715267,0.7945687992800078,0.004742689708481129
COW,FAC_WEAVG,0.8028654006833681,0.7875295846891941,-0.015335815994173996
COX,FAC_WEAVG,0.783007919702284,0.7526197895172609,-0.030388130185023066
COY,FAC_WEAVG,1.0425002596451052,1.067688940240218,0.025188680595112922
CO0,FAC_WED,0.729429643123707,0.7294335447078351,3.901584128107594e-06
CO1,FAC_WED,0.7945782090476463,0.8475658056533328,0.05298759660568653
CO2,FAC_WED,0.8268175395832139,0.853646449307446,0.02682890972423213
CO3,FAC_WED,0.8373659520273493,0.8654253797952943,0.02805942776794501
CO4,FAC_WED,0.8850486096592385,0.8937660298978986,0.008717420238660067
CO5,FAC_WED,0.959512525782434,0.9938861326256268,0.034373606843192794
CO6,FAC_WED,1.0601107394942064,1.0518814603670124,-0.008229279127194067
CO7,FAC_WED,0.8891005457705142,0.8748154531460461,-0.014285092624468088
CO8,FAC_WED,1.1352586811058056,1.1089353467631384,-0.026323334342667204
CO9,FAC_WED,0.9741210359546808,0.9785427051759608,0.004421669221279956
COA,FAC_WED,0.8738036933911105,0.8472824258223564,-0.02652126756875417
COB,FAC_WED,1.0548869223005564,1.0629006771890896,0.008013754888533287
COC,FAC_WED,1.1107086039517684,1.095906870668401,-0.014801733283367424
COD,FAC_WED,1.0228142766076966,1.041712109825461,0.01889783321776428
COE,FAC_WED,0.9552751715327148,0.9618876172744026,0.006612445741687845
COJ,FAC_WED,0.919885802481043,0.9664837527821742,0.04659795030113123
COK,FAC_WED,1.0555461485372306,1.0893952958652176,0.03384914732798694
COM,FAC_WED,0.6841430102013774,0.7145813176646728,0.030438307463295455
CON,FAC_WED,0.9604176041971024,0.955233730539392,-0.005183873657710447
COO,FAC_WED,0.989053667036885,0.9909210744568496,0.0018674074199646062
COP,FAC_WED,0.9772681693140182,1.0445224516409195,0.06725428232690134
COQ,FAC_WED,0.9528758421727468,0.965216052745352,0.012340210572605259
COR,FAC_WED,1.0049255682088407,1.0155616176896327,0.010636049480791998
COS,FAC_WED,1.0877839030290757,1.0681077180059746,-0.01967618502310109
COT,FAC_WED,1.088654752698495,1.094973867495621,0.006319114797125991
COU,FAC_WED,1.0925155872836307,1.0914063947378756,-0.0011091925457551444
COV,FAC_WED,1.0626768192395697,1.0664703352546685,0.003793516015098808
COW,FAC_WED,1.0695308829011292,1.0658787796186329,-0.0036521032824963218
COX,FAC_WED,1.0933536906676335,1.090326449849434,-0.0030272408181994948
COY,FAC_WED,0.9754215236669924,0.994215084965887,0.018793561298894534
CO0,FAC_WEMAX,1.6199936739241174,1.5801985800528986,-0.03979509387121882
CO1,FAC_WEMAX,1.476477575976541,1.370163903040451,-0.10631367293608984
CO2,FAC_WEMAX,1.462379942352107,1.2819631579432245,-0.18041678440888265
CO3,FAC_WEMAX,1.3215554918671828,1.2384021606278812,-0.08315333123930158
CO4,FAC_WEMAX,1.209043223551615,1.1042131106063813,-0.10483011294523381
CO5,FAC_WEMAX,1.0531499514408829,1.017154893277969,-0.03599505816291382
CO6,FAC_WEMAX,0.9653033901469468,1.0038640566747892,0.0385606665278424
CO7,FAC_WEMAX,1.1097087712280234,1.104436329934949,-0.00527244129307447
CO8,FAC_WEMAX,0.7860020207303481,0.8759010369690198,0.08989901623867169
CO9,FAC_WEMAX,1.0466493718763603,1.0616466376391274,0.014997265762767054
COA,FAC_WEMAX,1.2339030755257454,1.2750676417308255,0.04116456620508013
COB,FAC_WEMAX,0.9631840291247816,0.9685645929561882,0.005380563831406615
COC,FAC_WEMAX,0.8309228702627643,0.8738004682254767,0.0428775979627124
COD,FAC_WEMAX,1.011837600437542,0.9705410662154692,-0.0412965342220728
COE,FAC_WEMAX,1.0540291597918068,1.0532491968925437,-0.0007799628992630758
COJ,FAC_WEMAX,1.136523561341364,1.0699490938365426,-0.06657446750482143
COK,FAC_WEMAX,0.9464324236867242,0.8918394329209234,-0.05459299076580082
COM,FAC_WEMAX,1.4991326238891676,1.5122799831448903,0.013147359255722746
CON,FAC_WEMAX,1.064473148113044,1.0861024159070185,0.02162926779397445
COO,FAC_WEMAX,1.0187271221875878,1.033651815338272,0.014924693150684343
COP,FAC_WEMAX,1.0649410526144274,0.9849041000697052,-0.0800369525447222
COQ,FAC_WEMAX,1.1070571720782514,1.0757195727514677,-0.031337599326783705
COR,FAC_WEMAX,1.1048243107361595,1.1048944152374989,7.010450133937418e-05
COS,FAC_WEMAX,0.8741788187907082,0.93295404331366,0.05877522452295181
COT,FAC_WEMAX,0.9244627585519316,0.9344181562763128,0.009955397724381143
COU,FAC_WEMAX,0.8873023346148212,0.915957885323124,0.028655550708302835
COV,FAC_WEMAX,1.0111856671891075,0.9774953188857762,-0.033690348303331286
COW,FAC_WEMAX,0.96416647550556,0.9451366447581316,-0.019029830747428367
COX,FAC_WEMAX,0.8487299517313828,0.865074062533134,0.016344110801751244
COY,FAC_WEMAX,1.079128557026349,1.0713153224819556,-0.00781323454439331
CO0,FAC_WIN,0.3331216155777967,0.3835987623246881,0.05047714674689141
CO1,FAC_WIN,0.4549487755699452,0.5070544385383562,0.052105662968411015
CO2,FAC_WIN,1.1170774085692856,1.2329209647205457,0.11584355615126007
CO3,FAC_WIN,0.4383010458577686,0.5158825984127156,0.07758155255494698
CO4,FAC_WIN,0.8259701744123491,0.83712036639445,0.011150191982100877
CO5,FAC_WIN,0.8713149197107051,0.8958798623522427,0.024564942641537635
CO6,FAC_WIN,0.9401176917866094,0.9501498687661408,0.010032176979531404
CO7,FAC_WIN,0.8022541964679827,0.7986121970414893,-0.0036419994264933475
CO8,FAC_WIN,0.9715618710541732,0.9750913910534164,0.0035295199992431137
CO9,FAC_WIN,0.6949944872740608,0.7709801701785778,0.07598568290451702
COA,FAC_WIN,0.8156311120536716,0.8132405023138883,-0.0023906097397832227
COB,FAC_WIN,0.914578376336376,0.914248465731465,-0.0003299106049109435
COC,FAC_WIN,0.9530262667545486,0.9710531088667662,0.01802684211221761
COD,FAC_WIN,0.9479119820287562,0.926958580334455,-0.020953401694301155
COE,FAC_WIN,0.794958342151131,0.7907530346652127,-0.004205307485918297
COJ,FAC_WIN,0.494475505726605,0.6096547802247347,0.11517927449812976
COK,FAC_WIN,1.0992486951773088,1.0518708833626824,-0.047377811814626414
COM,FAC_WIN,0.2967343496861905,0.3695788812067883,0.07284453152059778
CON,FAC_WIN,0.5864335341618169,0.625618645890296,0.03918511172847916
COO,FAC_WIN,0.7254233450112059,0.7037931971709924,-0.021630147840213443
COP,FAC_WIN,0.8495057985908161,0.8769168645701566,0.02741106597934051
COQ,FAC_WIN,0.8373000635584424,0.8358643762111213,-0.0014356873473211351
COR,FAC_WIN,0.8865885669086281,0.8916713914195752,0.005082824510947104
COS,FAC_WIN,0.8993619997947215,0.9059604448385646,0.006598445043843104
COT,FAC_WIN,0.9370482669477268,0.941089617877052,0.004041350929325227
COU,FAC_WIN,0.9652628854383642,0.9519045130679288,-0.013358372370435467
COV,FAC_WIN,1.0042791171355554,0.9752338588954303,-0.02904525824012505
COW,FAC_WIN,0.9087708940919734,0.9210411568719554,0.012270262779982
COX,FAC_WIN,0.9689095743780044,0.941851467959374,-0.02705810641863038
COY,FAC_WIN,0.766148901768802,0.7284085918207706,-0.03774030994803146
