externalid,year,AADT
3601,2003,428
3601,2004,450
3601,2005,465
3601,2006,505
3601,2007,510
3601,2008,495
3601,2009,505
3601,2010,515
3601,2011,510
3601,2012,585
3601,2013,605
3601,2014,615
3601,2015,655
3601,2016,685
3601,2017,703
3601,2018,731
3601,2019,740
3601,2020,739
3601,2021,792
3601,2022,783
3601,2023,817
3602,1981,3735
3602,1982,3735
3602,1983,3775
3602,1984,3850
3602,1985,3900
3602,1986,3910
3602,1987,3920
3602,1988,3930
3602,1989,3980
3602,1990,3700
3602,1991,7085
3602,1992,7085
3602,1993,7525
3602,1994,7520
3602,1995,7200
3602,1996,7200
3602,1997,7485
3602,1998,7690
3602,1999,7965
3602,2000,8363
3602,2001,8445
3602,2002,5585
3602,2003,5485
3602,2004,5735
3602,2005,5920
3602,2006,6775
3602,2007,6815
3602,2008,6640
3602,2009,6760
3602,2010,6885
3602,2011,6590
3602,2012,7820
3602,2013,8085
3602,2014,8215
3602,2015,8700
3602,2016,9124
3602,2017,9361
3602,2018,9735
3602,2019,9852
3602,2020,9842
3602,2021,10551
3602,2022,10435
3602,2023,10884
3603,2014,1000
3603,2015,1045
3603,2016,1098
3603,2017,1422
3603,2018,1436
3603,2019,1462
3603,2020,1306
3603,2021,1416
3603,2022,1430
3603,2023,1450
3604,1981,8075
3604,1982,8140
3604,1983,8350
3604,1984,9320
3604,1985,9500
3604,1986,9550
3604,1987,9600
3604,1989,13080
3604,1990,13440
3604,1991,14280
3604,1992,14780
3604,1993,15610
3604,1994,17800
3604,1995,19740
3604,1996,20050
3604,1997,20665
3604,1998,21435
3604,1999,22720
3604,2000,23720
3604,2001,24183
3604,2002,25174
3604,2003,23775
3604,2004,23180
3604,2005,20715
3604,2006,22150
3604,2007,22505
3604,2008,22460
3604,2009,24390
3604,2010,24415
3604,2011,21820
3604,2012,23045
3604,2013,23320
3604,2014,23555
3604,2015,25555
3604,2016,25327
3604,2017,26163
3604,2018,27393
3604,2019,28215
3604,2020,26325
3604,2021,29352
3604,2022,29587
3604,2023,30060
3605,1981,1065
3605,1982,1065
3605,1983,1080
3605,1984,1100
3605,1985,1115
3605,1986,1120
3605,1987,1125
3605,1989,2800
3605,1990,2800
3605,1991,2815
3605,1992,2685
3605,1993,3540
3605,1994,3720
3605,1995,3820
3605,1996,3865
3605,1997,3960
3605,1998,4010
3605,1999,4340
3605,2000,4310
3605,2001,4340
3605,2002,2735
3605,2003,2735
3605,2004,2755
3605,2005,2750
3605,2006,2870
3605,2007,2910
3605,2008,2765
3605,2009,2315
3605,2010,2305
3605,2011,2455
3605,2012,2410
3605,2013,2350
3605,2014,2375
3605,2015,2475
3605,2016,2607
3605,2017,3689
3605,2018,3726
3605,2019,3793
3605,2020,3387
3605,2021,3672
3605,2022,3708
3605,2023,3760
3606,1981,6990
3606,1982,6610
3606,1983,6420
3606,1984,6680
3606,1985,6760
3606,1986,6990
3606,1987,7705
3606,1988,8010
3606,1989,8415
3606,1990,8665
3606,1991,9420
3606,1992,10175
3606,1993,10960
3606,1994,12625
3606,1995,13425
3606,1996,12605
3606,1997,13445
3606,1998,14130
3606,1999,14850
3606,2000,14885
3606,2001,14860
3606,2002,15380
3606,2003,15465
3606,2004,16220
3606,2005,14875
3606,2006,14885
3606,2007,15735
3606,2008,15215
3606,2009,15870
3606,2010,16265
3606,2011,16280
3606,2012,16495
3606,2013,16460
3606,2014,17085
3606,2015,18400
3606,2016,19247
3606,2017,19632
3606,2018,19848
3606,2019,19808
3606,2020,18580
3606,2021,20903
3606,2022,21028
3606,2023,21512
3607,2003,4760
3607,2004,4975
3607,2005,4960
3607,2006,955
3607,2007,1660
3607,2008,1620
3607,2009,1645
3607,2010,1680
3607,2011,1675
3607,2012,1640
3607,2013,1695
3607,2014,1725
3607,2015,1825
3607,2016,1915
3607,2017,1965
3607,2018,2044
3607,2019,2069
3607,2020,2067
3607,2021,2216
3607,2022,2191
3607,2023,2285
3608,1981,6195
3608,1982,6215
3608,1983,6310
3608,1984,5665
3608,1985,5780
3608,1986,6000
3608,1987,6450
3608,1988,6510
3608,1989,6505
3608,1990,6035
3608,1991,6075
3608,1992,6420
3608,1993,6745
3608,1994,7365
3608,1995,7325
3608,1996,7550
3608,1997,7435
3608,1998,7935
3608,1999,8385
3608,2000,8320
3608,2001,8305
3608,2002,7350
3608,2003,7795
3608,2004,8510
3608,2005,8090
3608,2006,8220
3608,2007,8065
3608,2008,7850
3608,2009,7920
3608,2010,7785
3608,2011,7910
3608,2012,7340
3608,2013,6110
3608,2014,7605
3608,2015,8005
3608,2016,8393
3608,2017,8640
3608,2018,8936
3608,2019,9056
3608,2020,9563
3608,2021,8463
3608,2022,8878
3608,2023,9260
3609,1981,3690
3609,1982,3800
3609,1983,3800
3609,1984,4080
3609,1985,4420
3609,1986,4620
3609,1987,4820
3609,1988,4990
3609,1989,4640
3609,1990,5530
3609,1991,5850
3609,1992,6185
3609,1993,7065
3609,1994,7440
3609,1995,7940
3609,1996,8165
3609,1997,8430
3609,1998,9274
3609,1999,10200
3609,2000,10405
3609,2001,10967
3609,2002,11420
3609,2003,13742
3609,2004,13855
3609,2005,14145
3609,2006,14560
3609,2007,14780
3609,2008,14200
3609,2009,14300
3609,2010,14560
3609,2011,17845
3609,2012,18115
3609,2013,18440
3609,2014,18995
3609,2015,20075
3609,2016,21120
3609,2017,21564
3609,2018,22146
3609,2019,22567
3609,2020,19408
3609,2021,22416
3609,2022,23111
3609,2023,23758
3611,1981,6600
3611,1982,6600
3611,1983,6600
3611,1984,3240
3611,1985,6760
3611,1986,6760
3611,1987,6930
3611,1988,7240
3611,1989,7000
3611,1990,9250
3611,1991,9410
3611,1992,9730
3611,1993,10300
3611,1994,9476
3611,1995,10065
3611,1996,10315
3611,1997,11086
3611,1998,11340
3611,1999,12375
3611,2000,12406
3611,2001,13385
3611,2002,13905
3611,2003,14770
3611,2004,12820
3611,2005,13600
3611,2006,13955
3611,2007,14610
3611,2008,14025
3611,2009,14235
3611,2010,14350
3611,2011,13265
3611,2012,13385
3611,2013,13675
3611,2014,14305
3611,2015,14980
3611,2016,15742
3611,2017,16261
3611,2018,16391
3611,2019,16752
3611,2020,15981
3611,2021,18059
3611,2022,18329
3611,2023,18806
3612,1981,13500
3612,1982,13500
3612,1983,13550
3612,1984,13760
3612,1985,17585
3612,1986,17880
3612,1987,18200
3612,1988,19580
3612,1989,20725
3612,1990,21860
3612,1991,22300
3612,1992,23065
3612,1993,24415
3612,1994,24015
3612,1995,25335
3612,1996,26365
3612,1997,28316
3612,1998,30470
3612,1999,31600
3612,2000,32990
3612,2001,34175
3612,2002,36170
3612,2003,35084
3612,2004,32600
3612,2005,33685
3612,2006,34865
3612,2007,34020
3612,2008,34180
3612,2009,34595
3612,2010,35205
3612,2011,34690
3612,2012,35060
3612,2013,35150
3612,2014,36490
3612,2015,38770
3612,2016,41740
3612,2017,43939
3612,2018,45412
3612,2019,47419
3612,2020,40780
3612,2021,50969
3612,2022,52345
3612,2023,54543
3613,1981,160
3613,1982,165
3613,1983,105
3613,1984,170
3613,1985,175
3613,1986,175
3613,1987,185
3613,1989,515
3613,1990,535
3613,1991,540
3613,1992,570
3613,1993,525
3613,1994,575
3613,1995,575
3613,1996,600
3613,1997,624
3613,1998,625
3613,1999,650
3613,2000,725
3613,2001,750
3613,2002,745
3613,2003,740
3613,2004,765
3613,2005,780
3613,2006,800
3613,2007,845
3613,2008,815
3613,2009,380
3613,2010,385
3613,2011,400
3613,2012,485
3613,2013,495
3613,2014,520
3613,2015,390
3613,2016,406
3613,2017,420
3613,2018,436
3613,2019,431
3613,2020,463
3613,2021,487
3613,2022,489
3613,2023,505
3614,1981,17600
3614,1982,18190
3614,1983,18260
3614,1984,18995
3614,1985,20165
3614,1986,19800
3614,1987,20620
3614,1988,21380
3614,1989,23810
3614,1990,24630
3614,1991,26900
3614,1992,29480
3614,1993,30745
3614,1994,34085
3614,1995,37050
3614,1996,37190
3614,1997,39165
3614,1998,38773
3614,1999,37764
3614,2000,39425
3614,2001,40485
3614,2002,43966
3614,2003,42156
3614,2004,42789
3614,2005,44690
3614,2006,46135
3614,2007,47890
3614,2008,43865
3614,2009,44450
3614,2010,44405
3614,2011,45460
3614,2012,45870
3614,2013,48165
3614,2014,50380
3614,2015,52950
3614,2016,57557
3614,2017,56924
3614,2018,56753
3614,2019,57377
3614,2020,51639
3614,2021,58920
3614,2022,60570
3614,2023,62569
3615,1987,3700
3615,1988,4250
3615,1989,3700
3615,1990,3880
3615,1991,4190
3615,1992,4440
3615,1993,4510
3615,1994,4960
3615,1995,4940
3615,1996,5220
3615,1997,5030
3615,1998,4929
3615,1999,4965
3615,2000,5075
3615,2001,4855
3615,2002,4610
3615,2003,4675
3615,2004,2290
3615,2005,2325
3615,2006,2535
3615,2007,2360
3615,2008,2240
3615,2009,2240
3615,2010,2265
3615,2011,2130
3615,2012,2245
3615,2013,1400
3615,2014,1510
3615,2015,1735
3615,2016,1892
3615,2017,1920
3615,2018,1976
3615,2019,2213
3615,2020,2638
3615,2021,2688
3615,2022,2804
3615,2023,2821
3616,2003,516
3616,2004,540
3616,2005,560
3616,2006,415
3616,2007,415
3616,2008,405
3616,2009,415
3616,2010,420
3616,2011,420
3616,2012,410
3616,2013,425
3616,2014,435
3616,2015,460
3616,2016,481
3616,2017,494
3616,2018,514
3616,2019,520
3616,2020,519
3616,2021,556
3616,2022,550
3616,2023,574
3617,1981,1080
3617,1982,1010
3617,1983,1150
3617,1984,1800
3617,1985,1900
3617,1986,1620
3617,1987,1340
3617,1988,1450
3617,1989,1440
3617,1990,1480
3617,1991,1600
3617,1992,1640
3617,1993,1660
3617,1994,1765
3617,1995,1980
3617,1996,2035
3617,1997,2065
3617,1998,2125
3617,1999,2330
3617,2000,2563
3617,2001,2665
3617,2002,2760
3617,2003,1113
3617,2004,1095
3617,2005,710
3617,2006,720
3617,2007,725
3617,2008,705
3617,2009,720
3617,2010,730
3617,2011,1125
3617,2012,1125
3617,2013,1165
3617,2014,1180
3617,2015,1250
3617,2016,1313
3617,2017,1347
3617,2018,1401
3617,2019,1418
3617,2020,1417
3617,2021,1519
3617,2022,1502
3617,2023,1567
3618,1981,410
3618,1982,420
3618,1983,425
3618,1984,430
3618,1985,440
3618,1986,445
3618,1987,450
3618,1988,405
3618,1989,410
3618,1990,560
3618,1991,565
3618,1992,900
3618,1993,935
3618,1994,680
3618,1995,690
3618,1996,690
3618,1997,720
3618,1998,1025
3618,1999,1065
3618,2000,1055
3618,2001,1065
3618,2002,960
3618,2003,945
3618,2004,1710
3618,2005,1765
3618,2006,1915
3618,2007,1525
3618,2008,1485
3618,2009,1510
3618,2010,1540
3618,2011,1535
3618,2012,1505
3618,2013,1555
3618,2014,1580
3618,2015,1675
3618,2016,1757
3618,2017,1803
3618,2018,1875
3618,2019,1898
3618,2020,1896
3618,2021,2033
3618,2022,2010
3618,2023,2096
3620,1981,5450
3620,1982,5565
3620,1983,5715
3620,1984,5750
3620,1985,5570
3620,1986,5635
3620,1987,6155
3620,1988,6480
3620,1989,6645
3620,1990,6950
3620,1991,7190
3620,1992,7775
3620,1993,8175
3620,1994,8840
3620,1995,9135
3620,1996,9990
3620,1997,9630
3620,1998,9918
3620,1999,10592
3620,2000,11460
3620,2001,12160
3620,2002,11670
3620,2003,11565
3620,2004,11625
3620,2005,13140
3620,2006,11920
3620,2007,12490
3620,2008,12610
3620,2009,12825
3620,2010,12965
3620,2011,12725
3620,2012,12220
3620,2013,13500
3620,2014,14700
3620,2015,15970
3620,2016,17227
3620,2017,17686
3620,2018,18280
3620,2019,18730
3620,2020,18730
3620,2021,20825
3620,2022,20950
3620,2023,22731
3623,1981,4300
3623,1982,4450
3623,1983,480
3623,1984,4025
3623,1985,3425
3623,1986,3725
3623,1987,4025
3623,1988,4250
3623,1989,4400
3623,1990,4710
3623,1991,4520
3623,1992,4785
3623,1993,5085
3623,1994,5510
3623,1995,5775
3623,1996,5765
3623,1997,6000
3623,1998,6285
3623,1999,6510
3623,2000,6530
3623,2001,6600
3623,2002,6855
3623,2003,6669
3623,2004,6395
3623,2005,6810
3623,2006,6675
3623,2007,6885
3623,2008,6610
3623,2009,6835
3623,2010,7145
3623,2011,7010
3623,2012,7025
3623,2013,7220
3623,2014,7510
3623,2015,8130
3623,2016,8677
3623,2017,9024
3623,2018,9024
3623,2019,9214
3623,2020,9205
3623,2021,9923
3623,2022,10469
3623,2023,10741
3624,1981,500
3624,1982,515
3624,1983,375
3624,1984,550
3624,1985,550
3624,1986,550
3624,1987,550
3624,1989,450
3624,1990,470
3624,1991,475
3624,1992,515
3624,1993,525
3624,1994,575
3624,1995,610
3624,1996,635
3624,1997,659
3624,1998,690
3624,1999,740
3624,2000,740
3624,2001,755
3624,2002,1095
3624,2003,1078
3624,2004,605
3624,2005,610
3624,2006,285
3624,2007,300
3624,2008,280
3624,2009,295
3624,2010,290
3624,2011,280
3624,2012,280
3624,2013,280
3624,2014,300
3624,2015,320
3624,2016,341
3624,2017,1738
3624,2018,1750
3624,2019,1764
3624,2020,1826
3624,2021,2013
3624,2022,1872
3624,2023,1939
3626,1981,1785
3626,1982,1685
3626,1983,420
3626,1984,960
3626,1985,1300
3626,1986,1410
3626,1987,1455
3626,1988,1500
3626,1989,1470
3626,1990,1480
3626,1991,1500
3626,1992,1515
3626,1993,1595
3626,1994,1800
3626,1995,1980
3626,1996,2060
3626,1997,2155
3626,1998,2430
3626,1999,2675
3626,2000,2525
3626,2001,2470
3626,2002,2410
3626,2003,2425
3626,2004,2535
3626,2005,2615
3626,2006,2835
3626,2007,2060
3626,2008,2305
3626,2009,2435
3626,2010,2360
3626,2011,2345
3626,2012,2340
3626,2013,2420
3626,2014,2425
3626,2015,2625
3626,2016,2806
3626,2017,2897
3626,2018,2971
3626,2019,3000
3626,2020,3210
3626,2021,3366
3626,2022,3457
3626,2023,3547
3628,1984,8580
3628,1985,8050
3628,1986,7815
3628,1987,8200
3628,1988,10220
3628,1989,10235
3628,1990,10835
3628,1991,11645
3628,1992,11920
3628,1993,12420
3628,1994,13830
3628,1995,14510
3628,1996,15085
3628,1997,15985
3628,1998,16860
3628,1999,17466
3628,2000,19170
3628,2001,21970
3628,2002,23680
3628,2003,23915
3628,2004,24055
3628,2005,24950
3628,2006,25825
3628,2007,26445
3628,2008,24605
3628,2009,21080
3628,2010,21525
3628,2011,21280
3628,2012,22005
3628,2013,22665
3628,2014,19920
3628,2015,23685
3628,2016,26008
3628,2017,27048
3628,2018,28590
3628,2019,29362
3628,2020,27953
3628,2021,34214
3628,2022,43829
3628,2023,45056
3629,2007,200
3629,2008,195
3629,2009,200
3629,2010,205
3629,2011,2555
3629,2012,2505
3629,2013,2590
3629,2014,2635
3629,2015,2790
3629,2016,2925
3629,2017,3001
3629,2018,3121
3629,2019,3158
3629,2020,3155
3629,2021,3382
3629,2022,3345
3629,2023,3489
